id,full name,email,gender,dob,address,salary
1,,gkinghorn0@mediafire.com,Male,1/12/1991,94 Marcy Circle,4868
2,Duffy Maudsley,dmaudsley1@ustream.tv,Male,3/20/1999,5712 Victoria Way,5342
3,Hobie Aronovich,haronovich2@indiegogo.com,Male,2/22/1997,28 Birchwood Hill,4749
4,Rudolfo Skayman,rskayman3@java.com,Male,7/6/1998,7 Stone Corner Drive,2189
5,Phineas Absalom,pabsalom4@apache.org,Male,9/1/1998,9924 Independence Pass,5388
6,Jamison Thom,jthom5@gnu.org,Male,1/24/1997,8936 Rieder Place,9097
7,Genevra Zamora,gzamora6@latimes.com,Female,4/29/1999,71 Division Terrace,632
8,Sergio Connop,sconnop7@opera.com,Male,3/24/1996,970 Laurel Pass,1540
9,Leighton Sprake,lsprake8@vkontakte.ru,Male,5/19/1993,22 Carioca Park,702
10,Lancelot Filisov,lfilisov9@house.gov,Male,9/24/1992,99 Prentice Hill,9020
11,Hamnet Gostage,hgostagea@wordpress.org,Male,9/25/1997,354 Reinke Circle,7618
12,Jemmie Barkworth,jbarkworthb@yandex.ru,Female,1/20/1995,4576 Ryan Court,3504
13,Eveline Redsall,eredsallc@posterous.com,Female,9/23/1996,4 Southridge Avenue,1598
14,Leonidas Tolhurst,ltolhurstd@mysql.com,Male,6/10/1992,53 Crest Line Park,653
15,Siegfried Rasmus,srasmuse@usda.gov,Male,3/16/1991,3 Arizona Terrace,638
16,Marnia Thring,mthringf@usa.gov,Female,9/20/1996,69982 Goodland Court,4088
17,Case Milne,cmilneg@earthlink.net,Male,4/23/1999,7 La Follette Circle,5734
18,Mabelle Charlton,mcharltonh@nytimes.com,Female,6/23/1992,9651 Anthes Street,
19,Randal Malimoe,rmalimoei@sbwire.com,Male,12/9/1995,,7880
20,Raynell De Angelis,rdej@earthlink.net,Female,6/28/1997,6 Burrows Circle,9973
21,Marcy Pietasch,mpietaschk@omniture.com,Female,1/7/1998,71502 Hazelcrest Point,1179
22,Maynard Formoy,mformoyl@webnode.com,Male,,8594 Menomonie Street,2289
23,Jessee Fancourt,jfancourtm@opera.com,Male,4/17/1998,91362 6th Terrace,5224
24,Arturo Brood,abroodn@discuz.net,Male,4/10/1997,31448 Center Plaza,1924
25,Marlane Embling,memblingo@free.fr,Female,10/31/1991,520 Thompson Road,3007
26,Zaria Latey,zlateyp@yahoo.co.jp,Female,12/30/1992,59 Texas Crossing,8964
27,Salvidor Caccavella,scaccavellaq@google.es,Male,,1 Farragut Park,5017
28,Donia Fant,dfantr@tripadvisor.com,Female,1/26/1991,106 Laurel Hill,2852
29,Rosalind Semour,rsemours@cisco.com,Female,11/12/1991,,9718
30,Camala Stibbs,cstibbst@liveinternet.ru,Female,12/5/1990,613 Quincy Lane,1050
31,Lynnell Heims,lheimsu@examiner.com,Female,6/25/1997,0 Old Shore Drive,3475
32,Gherardo Barratt,gbarrattv@cbc.ca,Male,3/30/1996,31710 Ridgeway Circle,1197
33,Marcy Keaveny,mkeavenyw@seattletimes.com,Female,5/7/2000,969 Dapin Terrace,6060
34,Barnebas Bolzen,bbolzenx@webeden.co.uk,Male,4/26/1997,01320 Express Alley,5588
35,Karoline Fanthome,kfanthomey@google.com.hk,Female,2/14/1993,24022 Chive Alley,784
36,Papagena Hurche,phurchez@latimes.com,Female,6/6/1994,27 Mariners Cove Circle,2099
37,Cami Setchell,csetchell10@amazon.de,Bigender,10/11/1994,474 Helena Road,3632
38,Orelee Bissex,obissex11@telegraph.co.uk,,8/4/1992,75246 Kenwood Street,9631
39,Arney Bucky,abucky12@prweb.com,Male,11/7/1990,3 Mosinee Road,1873
40,Raimundo Bresman,rbresman13@linkedin.com,Male,,539 Forest Run Trail,866
41,Emmery Ivanchin,,Male,,84 Hazelcrest Trail,2326
42,Adore Rasell,arasell15@imgur.com,Female,4/4/1993,0 Mosinee Point,3905
43,,jmearing16@xinhuanet.com,Female,3/13/1993,84123 Messerschmidt Way,7911
44,Ansley Joesbury,ajoesbury17@amazon.co.jp,Female,5/28/1994,75091 International Alley,790
45,Salim Draycott,sdraycott18@cdc.gov,Male,10/13/1997,843 Cherokee Lane,8958
46,Davy Norgate,dnorgate19@privacy.gov.au,Male,,726 Prairie Rose Drive,1646
47,Wylie Demageard,wdemageard1a@tripod.com,Male,3/13/1999,2 Coolidge Park,5588
48,Randie Bartosek,rbartosek1b@eepurl.com,Female,10/18/1995,8 Dorton Park,4904
49,Jody Wetherick,jwetherick1c@hubpages.com,Female,3/28/1991,4341 Oxford Lane,517
50,Cornelius De Filippi,cde1d@who.int,Genderfluid,12/19/1999,7611 Straubel Drive,8441
51,Ibbie Assinder,iassinder1e@goo.gl,Female,2/21/1992,,2446
52,,,Female,2/3/1993,85 Continental Hill,1206
53,Harland Kadd,hkadd1g@unc.edu,Male,3/14/1992,4 Becker Lane,9998
54,Lodovico Paler,lpaler1h@spiegel.de,Genderqueer,5/9/1999,68 Forest Run Point,7170
55,Aryn Buard,abuard1i@themeforest.net,Female,6/21/1994,7 Marquette Way,6008
56,Alvis Barlas,abarlas1j@elegantthemes.com,Male,4/22/1991,3180 Blue Bill Park Hill,7528
57,Steve Havelin,shavelin1k@chronoengine.com,Male,9/8/1994,66689 Larry Lane,3218
58,Holden Simakov,hsimakov1l@slate.com,Male,8/4/1993,66729 Rowland Avenue,1339
59,Ninette Carding,ncarding1m@amazon.com,Female,1/27/2000,0039 Petterle Terrace,4363
60,Raddie Josephov,,Male,5/23/1996,05 Lyons Junction,2727
61,Elwood Bailess,ebailess1o@prweb.com,Male,10/12/1999,3708 Buell Crossing,806
62,,gtwinberrow1p@ehow.com,Male,6/29/1995,487 Swallow Avenue,9926
63,Ronny Jentges,rjentges1q@ucoz.com,Male,5/5/1996,7 Fremont Trail,6930
64,Layla Maffini,lmaffini1r@wp.com,Bigender,4/7/1995,50183 Northport Point,2895
65,Lorine Tippett,ltippett1s@engadget.com,Female,5/2/1994,1 Meadow Valley Way,9745
66,Melicent Janny,,Female,6/10/2000,8712 Mccormick Street,6305
67,Silva Bantock,sbantock1u@hhs.gov,Female,6/27/1997,937 Ronald Regan Circle,4314
68,Willem MacGettigen,wmacgettigen1v@arstechnica.com,Male,11/26/1993,59 Wayridge Trail,6120
69,,tbarstowk1w@aol.com,Male,1/12/1999,9 Shopko Way,8681
70,Clemens Troop,ctroop1x@japanpost.jp,Male,,734 Reindahl Pass,3812
71,Woody Bogays,wbogays1y@live.com,Male,11/9/1990,577 Ronald Regan Circle,7375
72,Dare Tuckley,dtuckley1z@yolasite.com,Non-binary,7/25/1996,3 Union Street,8978
73,,mbenedetti20@goo.gl,Female,9/26/1990,6 Vera Trail,3658
74,Farlee Norwell,fnorwell21@4shared.com,Male,3/29/1992,49 Cottonwood Way,2493
75,Willyt Hovel,whovel22@stanford.edu,Female,6/6/1994,1157 Jay Park,
76,Kristos Dearnaly,kdearnaly23@yahoo.co.jp,Male,9/17/1998,290 Pearson Point,9116
77,Cassy Emmott,cemmott24@narod.ru,Female,8/5/1991,9452 Valley Edge Lane,1313
78,Fawnia Phalp,fphalp25@va.gov,Female,9/30/1991,441 Morrow Alley,3544
79,Hurleigh Coolican,hcoolican26@guardian.co.uk,Male,,9 Anderson Way,4390
80,Anders Scoon,ascoon27@psu.edu,Male,4/22/1993,16 Mayfield Terrace,
81,Mina Ratazzi,mratazzi28@opensource.org,Female,11/6/1991,3430 Miller Junction,8129
82,Carey Jedraszek,cjedraszek29@delicious.com,Male,9/1/1994,38958 Independence Lane,4133
83,Sandra Armstead,sarmstead2a@aol.com,Female,4/8/1997,05674 Vernon Alley,5061
84,Jereme Lodge,jlodge2b@theglobeandmail.com,Male,3/7/1998,1953 Walton Terrace,
85,Tarrah Grigore,tgrigore2c@indiatimes.com,Female,1/18/1992,997 Spohn Avenue,862
86,Nevsa Hrachovec,nhrachovec2d@exblog.jp,Female,7/22/2000,,8120
87,Richard Chaffe,rchaffe2e@nytimes.com,Male,9/23/1992,287 Talisman Junction,3669
88,,jsutter2f@booking.com,Female,12/19/1990,65 Karstens Way,3213
89,Tracey Ledger,tledger2g@drupal.org,Female,9/21/1991,1305 Mallard Center,2736
90,Kalina Bingall,kbingall2h@foxnews.com,,11/17/1996,1 Merry Parkway,7335
91,Sutton Brownscombe,sbrownscombe2i@last.fm,Male,11/18/1997,08 Calypso Road,4414
92,Jodee McKenzie,jmckenzie2j@51.la,,3/7/1993,40 Waubesa Parkway,641
93,Gael Righy,grighy2k@icq.com,Male,8/24/1992,,524
94,Teddi World,tworld2l@g.co,Agender,1/13/1997,000 Michigan Place,4036
95,Gabriele Swinglehurst,,Male,1/23/2000,9 Dunning Trail,8690
96,Jackie Fillis,jfillis2n@comsenz.com,Female,10/15/1990,8140 Butterfield Alley,2250
97,Nettle Wagstaff,nwagstaff2o@mysql.com,Agender,2/16/1995,74 Kingsford Junction,9487
98,Anthiathia Fritche,afritche2p@google.com.hk,Female,12/5/1998,4 Chive Plaza,6310
99,Jobina Clemmey,jclemmey2q@sbwire.com,Female,7/12/1994,0171 Arizona Circle,6012
100,Natala Drei,ndrei2r@netvibes.com,Female,3/30/1999,89 Golf Pass,4887
